Feature,Importance
Volume Shrinkage,0.895388426475975
STDEV.S,0.03601109606860274
density(mg/mm^3),0.021479704108762196
Concentration,0.020593321104926555
Modulus(MPa),0.019724121317440713
mean_pore_solidity,0.0016457227794119255
skeleton_branch_points,0.0014653833085042879
porosity_px,0.0012498045377557993
fractal_dimension,0.0011944922703689537
skeleton_length_density,0.0011547156259408048
mean_pore_circularity,3.0180326150855383e-05
mean_pore_aspect_ratio,2.9081820616189782e-05
std_pore_diam_px,1.7765684266556845e-05
skeleton_end_points,1.618457127739546e-05
