{
  "sheet_used": "Sheet1",
  "target_column": "Transsmittance(%*nm)(380-780)",
  "groups_used": [
    [
      "Concentration"
    ],
    [
      "porosity_px"
    ],
    [
      "mean_pore_solidity"
    ],
    [
      "density(mg/mm^3)",
      "Volume Shrinkage",
      "Modulus(MPa)",
      "STDEV.S",
      "Transsmittance(%*nm)(380-780)"
    ]
  ],
  "ordered_vars": [
    "Concentration",
    "porosity_px",
    "mean_pore_solidity",
    "density(mg/mm^3)",
    "Volume Shrinkage",
    "Modulus(MPa)",
    "STDEV.S",
    "Transsmittance(%*nm)(380-780)"
  ],
  "k90_components": 3,
  "top_rf_features": [
    "Volume Shrinkage",
    "STDEV.S",
    "density(mg/mm^3)",
    "Concentration",
    "Modulus(MPa)",
    "mean_pore_solidity",
    "skeleton_branch_points",
    "porosity_px",
    "fractal_dimension",
    "skeleton_length_density"
  ],
  "num_final_edges": 13,
  "num_paths_to_T": 3
}